,Name,Duration,Views,UploadDate,Link
0,Daal Mash Recipe | Fry Daal Mash Recipe | Dhaba Style Daal Mash Recipe | OoniZoni Kitchen,5:00,255 ,3 weeks ago,https://youtube.com/watch?v=K2uD4s1JiDI
1,keemay wala pratha | Qeema Pratha | Desi Style Qeema Pratha | Qeemay wala pratha | OoniZoni Kitchen,4:53,192 ,3 weeks ago,https://youtube.com/watch?v=Q4gw79Z-v5A
2,Zinger Shawarma recipe without oven homemade bread | Restaurant Style shawarma | OoniZoni Kitchen,7:41,123 ,4 weeks ago,https://youtube.com/watch?v=h0LZcY7IJ5U
3,KFC style crispy chicken wing piece | homemade chicken wings | KFC fried Chicken | OoniZoni kitchen,4:47,118 ,4 weeks ago,https://youtube.com/watch?v=5YtoY0LFdA0
4,KFC style chicken homemade drumsticks | chicken drumsticks without BBQ | 100% KFC style Drumstick,5:44,142 ,1 month ago,https://youtube.com/watch?v=vjpnlIfVub4
5,Zinger burger | KFC style zinger Burger | chicken zinger burger recipe | OoniZoni Kitchen,6:37,122 ,1 month ago,https://youtube.com/watch?v=XztAYH2LvIw
6,KFC style chicken Hot wings (commercial style),5:44,118 ,1 month ago,https://youtube.com/watch?v=yxDJiNYfEGo
7,Special chicken shawarma  | Lunch Box for kids | Tiffin box | shawarma recipe for kids,5:16,124 ,1 month ago,https://youtube.com/watch?v=FA9JQgj8dBQ
8,⁄©ŸÖÿ± ÿØÿ±ÿØ ÿåÿ¨Ÿà⁄ëŸà⁄∫ ⁄©ÿß ÿØÿ±ÿØÿå ŸÖÿØÿßŸÅÿπÿ™€å ŸÜÿ∏ÿßŸÖÿå ŸæŸπ⁄æŸà⁄∫ ⁄©ÿß ⁄©⁄æ⁄Üÿßÿ§ - ⁄©€í ŸÑÿ¶€í ÿ®€Åÿ™ÿ±€åŸÜ ŸÑ⁄àŸà | gondh ke laddu | oonizoni,5:11,136 ,1 month ago,https://youtube.com/watch?v=pD0anw-lGj4
9,kFC style crispy chicken Fingers/Tenders/Strips | homemade crispy chicken fingers | zinger fries,4:25,123 ,1 month ago,https://youtube.com/watch?v=mdauqIyTHes
10,Chicken Manchurian with egg fried rice | Restaurant style chicken Manchurian | OoniZoni Kitchen,6:38,162 ,1 month ago,https://youtube.com/watch?v=ijQMEZNldLg
11,Chicken Steak Recipe | chicken Fried Steak | chicken steak with white sauce | OoniZoni Kitchen,5:31,125 ,1 month ago,https://youtube.com/watch?v=hr1w-Acrxtc
12,Seekh Kabab Recipe | OoniZoni Kitchen,4:53,131 ,1 month ago,https://youtube.com/watch?v=AaMo1rfkYFE
13,Russian Salad Recipe | Olivier Salad Recipe in Urdu | Rusian salad ü•ó in Pakistan | OoniZoni Kitchen,4:20,119 ,1 month ago,https://youtube.com/watch?v=BGWiJIq55lg
14,Spanish Omelette Recipe | Tortilla Recipe in Urdu | Egg Omelet for Breakfast | OoniZoni Kitchen,4:58,117 ,1 month ago,https://youtube.com/watch?v=6x1WjGMd6Xo
15,Chicken tikka boti recipe | ⁄Ü⁄©ŸÜ ÿ™⁄©€Å ÿ®ŸàŸπ€å | Bar B Q Recipe | Tikka boti Recipe | OoniZoni Kitchen,10:30,164 ,1 month ago,https://youtube.com/watch?v=4MDZ9rSk_PI
16,Mutton Kofta Recipe | ŸÖŸπŸÜ ⁄©ŸàŸÅÿ™€Å | Kofta curry recipe in urdu | OoniZoni Kitchen,7:18,184 ,1 month ago,https://youtube.com/watch?v=2dTdD-XuJFA
17,Mutton karahi recipe | Bakra gosht Karahi |  ÿ®Ÿπ ŸÖŸπŸÜ ⁄©⁄ëÿß€Å€å | OoniZoni Kitchen,8:39,198 ,1 month ago,https://youtube.com/watch?v=rlZzqiAovBM
18,Mutton Chappli Kabab Recipe | Asli Chappli Kabab | Easy Chappli Kabab recipe by OoniZoni Kitchen,6:45,204 ,2 months ago,https://youtube.com/watch?v=Qcr9dbtwTgg
19,Mutton Kaleji recipe | Bakra Eid Special Kaleji Recipe | kaleji | mutton liver | OoniZoni Kitchen,8:40,157 ,2 months ago,https://youtube.com/watch?v=4hYnfYj41K0
20,Bakray ke paye | Mutton (Goat Trotters) Recipe | Eid Special Mutton Paya recipe | OoniZoni Kitchen,5:46,204 ,2 months ago,https://youtube.com/watch?v=nUO8d6_o8dA
21,White Mutton Karahi Recipe | Eid special Mutton white Karahi |white mutton handi | OoniZoni Kitchen,6:40,261 ,2 months ago,https://youtube.com/watch?v=xMN6P46yfM0
22,Makhni Tawa qeema | Eid Special ÿ™Ÿàÿß ŸÇ€åŸÖ€Å | Mutton keema recipe | tawa keema by OoniZoni Kitchen,4:19,222 ,2 months ago,https://youtube.com/watch?v=7ZcVl1BCNfQ
23,Gulab Jamun recipe | Homemade mithai recipe | How to make gulab jamun | OoniZoni Kitchen,8:13,306 ,2 months ago,https://youtube.com/watch?v=pwjc7VsglJo
24,Bread pizza üçï | Pizza without dough | Pizza toast | pizza bread without oven  | Oonizoni Kitchen,5:04,318 ,2 months ago,https://youtube.com/watch?v=VeGSY10d87w
25,How to make Pizza without Oven | Chicken Pizza recipe | homemade Chicken pizza üçï | OoniZoni Kitchen,10:09,273 ,2 months ago,https://youtube.com/watch?v=tvoBmJ3pPa4
26,Chicken Bread without Oven | Chicken bread recipe | How to make chicken bread | OoniZoni Kitchen,7:46,199 ,2 months ago,https://youtube.com/watch?v=KITjg-okclo
27,Aam ka murabba | Mango Marmalade recipe | Mango jam recipe | Raw mango jam recipe | OoniZoni Kitchen,5:43,314 ,3 months ago,https://youtube.com/watch?v=JP8Y5a2bSkc
28,Chicken vegetable spaghetti recipe | how to make spaghetti | Spaghetti Pasta | OoniZoni Kitchen,7:01,251 ,3 months ago,https://youtube.com/watch?v=7lCPe8UyBHM
29,Fresh Litchi juice recipe in urdu | how to make lichi juice üçπ | lichi Ka juice | OoniZoni Kitchen,5:33,275 ,3 months ago,https://youtube.com/watch?v=NerlF8-3n3U
30,Mango Kulfi Recipe in Urdu | How to make mango kulfi in Pakistan| Mango Ice cream | OoniZoni Kitchen,5:46,230 ,3 months ago,https://youtube.com/watch?v=0XVvVVUSi_E
31,Litchi squash recipe in urdu | How to make litchi squash | Lychee squash | OoniZoni Kitchen,4:58,594 ,3 months ago,https://youtube.com/watch?v=da8f0Iy3l68
32,Tasty Chana Pulao recipe in Urdu | How to make chana Pulao | Kabli Pulao | OoniZoni Kitchen,5:19,218 ,3 months ago,https://youtube.com/watch?v=wl2OWE67C0M
33,Dora cake recipe | How to make dora cake | dorayaki pancakes üç∞ | Souffle pancake | OoniZoni Cake,7:29,506 ,3 months ago,https://youtube.com/watch?v=NGjV0SKAHrw
34,How to make Jaggery's Rice | Gur Walay Chawal Recipe in urdu/ hindi | sweet dish |  OoniZoni Kitchen,6:04,311 ,3 months ago,https://youtube.com/watch?v=9RIeayh7qHU
35,Anda Korma recipe in urdu | Egg Korma | How to make egg korma? | Aalu Anda | OoniZoni Kitchen,4:14,326 ,3 months ago,https://youtube.com/watch?v=DN6qT8QiLnQ
36,Aalu ki biryani recipe in urdu | How to make spicy potato biryani | OoniZoni Kitchen,5:03,319 ,3 months ago,https://youtube.com/watch?v=5AoEsTRbwgw
37,Doodh Soda recipe with 3 different flavours | How to make doodh soda? | OoniZoni Kitchen,3:42,442 ,3 months ago,https://youtube.com/watch?v=krBbwHCFsSg
38,Banana milkshake Recipe in urdu | How to make banana milk shake? | Banana Smoothie | OoniZoni Recipe,4:28,309 ,3 months ago,https://youtube.com/watch?v=Dq8Fr0QxDnU
39,Date milk shake recipe in urdu | Khajoor ka Milkshake | How to make date Shake | OoniZoni Kitchen,2:43,326 ,3 months ago,https://youtube.com/watch?v=ZMMDADpGF1k
40,Traditional Dahi ki meethi Lassi | Yogurt Shake recipe in urdu / hindi | OoniZoni Kitchen,3:06,291 ,3 months ago,https://youtube.com/watch?v=Zm9fxlh09po
41,How to make Peach juice | Peach Juice recipe in urdu / hindi by OoniZoni Kitchen | Aaroo ka juice,4:01,327 ,3 months ago,https://youtube.com/watch?v=3o_5w0g3j8s
42,How to make Badam ki lassi | Badami lassi recipe in urdu / Hindi  by OoniZoni Kitchen | ÿ®ÿßÿØÿßŸÖ ⁄©€å ŸÑÿ≥€å,2:48,348 ,3 months ago,https://youtube.com/watch?v=7mZYvLeLV-4
43,How to make Falsa Juice | Falsa juice Recipe in Urdu/ Hindi by OoniZoni Kitchen | Falsa saharbat,3:30,321 ,3 months ago,https://youtube.com/watch?v=EJNCBq-OTbg
44,How to make Chili garlic Sauce | Chili Garlic sauce recipe in Urdu/ hindi | OoniZoni Kitchen,5:20,471 ,4 months ago,https://youtube.com/watch?v=yOQKuijD35A
45,How to make Curry Pakora in urdu | Karhi pakora recipe by OoniZoni Kitchen | Kadi Pakoda recipe,9:09,559 ,4 months ago,https://youtube.com/watch?v=oztOJBespeQ
46,How to make Potato Cheese Balls | Potato Cheese balls Recipe by OoniZoni Kitchen | Recipe in Urdu,4:56,380 ,4 months ago,https://youtube.com/watch?v=py27xpfZroc
47,How to make Pizza Sauce | Pizza sauce kesay banti ha | Pizza sauce recipe by Kitchen Recipe,4:23,415 ,4 months ago,https://youtube.com/watch?v=y0SlMJVG0H0
48,How to make Water Melon Juice Recipe in Urdu / Hindi By Kitchen Recipe | Famous Tarbooz Ka Sharbat,2:27,345 ,4 months ago,https://youtube.com/watch?v=3z_mfC7sSV4
49,Stuffed Fried Green Chilies Recipe in Urdu/Hindi by Kitchen Recipe | Mirch Pakora,4:25,298 ,4 months ago,https://youtube.com/watch?v=GxsPF8d3mVQ
50,How to make Green Chicken Handi | Hara Chicken Recipe in Urdu by Kitchen recipe | Green Chicken,6:42,358 ,4 months ago,https://youtube.com/watch?v=1dwVrdwmYgE
51,how to make sheer khurma | sheer khurma recipe in Urdu / hindi by Kitchen Recipe| Vermicelli pudding,5:16,324 ,4 months ago,https://youtube.com/watch?v=ObP6wdao0_0
52,How to Make Dahi Bhalla  at home | Dahi bhalay recipe in Urdu / Hindi By Kitchen Recipe,7:33,317 ,4 months ago,https://youtube.com/watch?v=BJBoqSwAijU
53,How to make ice cream at home? | Homemade Ice cream Recipe in Urdu by Kitchen Recipe,4:49,416 ,4 months ago,https://youtube.com/watch?v=cnmOlVKVx48
54,How to make Vegetable kofta | Vegetable Koftay Recipe in Urdu / hindi by Kitchen Recipe,5:56,304 ,4 months ago,https://youtube.com/watch?v=mK-HHyQ4Fhk
55,Raw Mango Chutney recipe in urdu / hindi by Kitchen Recipe | Kache Aam ki chutni,4:12,299 ,4 months ago,https://youtube.com/watch?v=cAwB8cV5sNQ
56,How to make Rooh Afzaa Syrup at home | Rooh Afzaa Recipe in urdu By Kitchen Recipe | Jam e Shireen,4:23,234 ,5 months ago,https://youtube.com/watch?v=5Lf_c2V_KRs
57,Elaichi Syrup recipe  in urdu / hindi by Kitchen Recipe | Ramzan Recipe | Elachi ka sharbat,3:56,236 ,5 months ago,https://youtube.com/watch?v=kZ5Jv3VWE1A
58,Onion fried Rings Recipe in Urdu /Hindi By Kitchen Recipe | Payaz ke Pakoray | Ramzan Recipe,6:01,233 ,5 months ago,https://youtube.com/watch?v=-Qu_1fvzpjo
59,Chicken Vegetable sandwich toasted in urdu / hindi by Kitchen Recipe | Rmazan special,5:14,237 ,5 months ago,https://youtube.com/watch?v=Zeq0fIFT-IM
60,Aloo Samosa Recipe in urdu / hindi by Kitchen Recipe | Special Ramadan Recipe | Potato Samosa,9:37,265 ,5 months ago,https://youtube.com/watch?v=DtlxU2s1UcA
61,Potato PinWheel | Pizza Pinwheels Without Oven recipe in urdu by Kitchen Recipe | Ramzan Recipe,9:17,250 ,5 months ago,https://youtube.com/watch?v=erZKu_NOIaw
62,Potato Smiley Recipe - How To Make Potato Smiley - Potato Snacks For Kids  | Kitchen Recipe,4:46,312 ,5 months ago,https://youtube.com/watch?v=rknM8Kd5-8U
63,Chicken Biryani Recipe In Urdu Hindi by Kitchen Recipe | Dum Biryani Recipe,11:09,290 ,5 months ago,https://youtube.com/watch?v=0XaJvKzVvBs
64,Crispy Potato Balls Crispy Aloo kay Balls Recipe in Urdu Hindi By Kitchen Recipe |Chicken balls,6:10,242 ,5 months ago,https://youtube.com/watch?v=GQMEXPh1Pr0
65,Imli Alu Bukhara chutney recipe By Kitchen Recipe in urdu/ hindi | Khati Mithi Chutni,3:25,263 ,5 months ago,https://youtube.com/watch?v=w95xPJlyEks
66,Chana Chat Recipe By Kitchen Recipe | Allo Cholay | Commercial Chana Chaat | Ramadan iftari,4:25,224 ,5 months ago,https://youtube.com/watch?v=IzWnaOJYzSk
67,Mint Margarita recipe in urdu/hindi by Kitchen Recipe | Mint Lemon Drink recipe,4:44,397 ,5 months ago,https://youtube.com/watch?v=EDFC3cvvK50
68,Maggi Masala Recipe in Urdu/Hindi By Kitchen Recipe | Masala vegetable noodles,4:04,198 ,5 months ago,https://youtube.com/watch?v=Wq02LpkDBpw
69,Chicken Bread Patties | Chicken Vegetable Patties Recipe by Kitchen Recipe in Urdu,6:39,220 ,5 months ago,https://youtube.com/watch?v=tJXDnx3kkTw
70,Stuffed Capsicum | Keema filled capsicum | keema bhari shimla mirch recipe By Kitchen Recipe,4:58,202 ,5 months ago,https://youtube.com/watch?v=iBW6esa3CF0
71,Chicken Potato Bread Roll recipe in urdu / Hindi | Ramzan Recipes by Kitchen Recipe,4:23,209 ,5 months ago,https://youtube.com/watch?v=PJvTpOjSvCs
72,Tomato Ketchup Sauce by Kitchen Recipe | Homemade ketchup recipe in urdu / hindi,6:12,198 ,5 months ago,https://youtube.com/watch?v=tnNGgSj-hJA
73,Chicken Shawarma Recipe by Kitchen Recipe |Homemade Shawarma recipe in Urdu / Hindi,10:29,269 ,5 months ago,https://youtube.com/watch?v=gqGcw3gR_90
74,Pita bread recipe by Kitchen Recipe | Shawarma Bread Commercial style special Ramzan Recipes,5:19,228 ,5 months ago,https://youtube.com/watch?v=ZhHxcZ9B7Ws
75,Chicken Vegetable Cutlas Recipe | cutlets recipe | Katlas recipe in Urdu By Kitchen Recipe,6:23,150 ,5 months ago,https://youtube.com/watch?v=9N-cEUBWGng
76,Crispy Pakora recipe in urdu | Crispy Fries recipe | Lachay dar Pakora | Kitchen Recipe,7:46,116 ,5 months ago,https://youtube.com/watch?v=NEb8cz1wh9M
77,Egg omelet | Egg Vegetable omelet Recipe by Kitchen Recipe | Anda Omelet | ÿßŸÜ⁄à€í ÿ¢ŸÖŸÑ€åŸπ,2:43,108 ,5 months ago,https://youtube.com/watch?v=P8kLNxyBpiU
78,Bhindi Masala Dar  Dhaba Style | Okra Recipe | Lady Finger recipe in Urdu by Kitchen Recipe,9:42,141 ,5 months ago,https://youtube.com/watch?v=GJZ6tR1NPiQ
79,Firni Recipe | Badami Firmi | Phirni recipe in pakistan |Firni Recipe in urdu by Kitchen Recipe,4:38,138 ,5 months ago,https://youtube.com/watch?v=Zd1dvB-qZto
80,Shami Kabab | Chicken Shami Kabab | Beef Shami Kabab |Shami Kabab Recipe in pakistan | Ramzan Recipe,6:27,103 ,5 months ago,https://youtube.com/watch?v=GqklxRuQ-fY
81,Green Mint Chutni recipe in urdu | Pudina Chutni | Sabz chutni | Spicy chutni | €Åÿ±€å ŸæŸàÿØ€åŸÜ€í ⁄©€å ⁄ÜŸπŸÜ€å,3:45,114 ,5 months ago,https://youtube.com/watch?v=MxmRdna3qxY
82,Chicken Egg Fried Rice recipe in urdu | Chinese Rice | Egg Fried Rice | Chicken Fried Rice,6:14,126 ,5 months ago,https://youtube.com/watch?v=LQHfDncgB4I
83,mayonaise recipe at Home| Mayonaise recipe in urdu | Mayo Racipe | Kitchen Recipe,4:07,118 ,5 months ago,https://youtube.com/watch?v=f595gkifZmc
84,Half fried egg | eggs Omelet | Anda fry | Half fried egg for breakfast recipe by Kitchen Recipe,2:25,131 ,5 months ago,https://youtube.com/watch?v=Dc7GUnYubv0
85,Strawberry Shake | Strawberry MilkShake recipe| Strawberry Juice |ÿ≥Ÿπÿ±ÿßÿ®€åÿ±€å ÿ¥€å⁄© |‡§∏‡•ç‡§ü‡•ç‡§∞‡•å‡§¨‡•á‡§∞‡•Ä ‡§Æ‡§ø‡§≤‡•ç‡§ï‡§∂‡•á‡§ï,3:09,108 ,5 months ago,https://youtube.com/watch?v=3WpTi9uIJYE
86,French Fries Recipes | How to make French fries | Aloo ke Chips | Potato Chips | Kitchen Recipe,3:15,143 ,5 months ago,https://youtube.com/watch?v=K-jSBJOJocs
